pillar_pair,correct,wrong,total
"('甲子', '乙丑')",0,0,0
"('甲子', '丙寅')",0,0,0
"('甲子', '丁卯')",0,0,0
"('甲子', '戊辰')",0,0,0
"('甲子', '己巳')",0,0,0
"('甲子', '庚午')",0,0,0
"('甲子', '辛未')",0,0,0
"('甲子', '壬申')",0,0,0
"('甲子', '癸酉')",0,0,0
"('甲子', '甲戌')",0,0,0
"('甲子', '乙亥')",0,0,0
"('甲子', '丙子')",0,0,0
"('甲子', '丁丑')",0,0,0
"('甲子', '戊寅')",0,0,0
"('甲子', '己卯')",0,0,0
"('甲子', '庚辰')",0,0,0
"('甲子', '辛巳')",0,0,0
"('甲子', '壬午')",0,0,0
"('甲子', '癸未')",0,0,0
"('甲子', '甲申')",0,0,0
"('甲子', '乙酉')",0,0,0
"('甲子', '丙戌')",0,0,0
"('甲子', '丁亥')",0,0,0
"('甲子', '戊子')",0,0,0
"('甲子', '己丑')",0,0,0
"('甲子', '庚寅')",0,0,0
"('甲子', '辛卯')",0,0,0
"('甲子', '壬辰')",0,0,0
"('甲子', '癸巳')",0,0,0
"('甲子', '甲午')",0,0,0
"('甲子', '乙未')",0,0,0
"('甲子', '丙申')",0,0,0
"('甲子', '丁酉')",0,0,0
"('甲子', '戊戌')",0,0,0
"('甲子', '己亥')",0,0,0
"('甲子', '庚子')",0,0,0
"('甲子', '辛丑')",0,0,0
"('甲子', '壬寅')",0,0,0
"('甲子', '癸卯')",0,0,0
"('甲子', '甲辰')",0,0,0
"('甲子', '乙巳')",0,0,0
"('甲子', '丙午')",0,0,0
"('甲子', '丁未')",0,0,0
"('甲子', '戊申')",0,0,0
"('甲子', '己酉')",0,0,0
"('甲子', '庚戌')",0,0,0
"('甲子', '辛亥')",0,0,0
"('甲子', '壬子')",0,0,0
"('甲子', '癸丑')",0,0,0
"('甲子', '甲寅')",0,0,0
"('甲子', '乙卯')",0,0,0
"('甲子', '丙辰')",0,0,0
"('甲子', '丁巳')",0,0,0
"('甲子', '戊午')",0,0,0
"('甲子', '己未')",0,0,0
"('甲子', '庚申')",0,0,0
"('甲子', '辛酉')",0,0,0
"('甲子', '壬戌')",0,0,0
"('甲子', '癸亥')",0,0,0
"('乙丑', '丙寅')",0,0,0
"('乙丑', '丁卯')",0,0,0
"('乙丑', '戊辰')",0,0,0
"('乙丑', '己巳')",0,0,0
"('乙丑', '庚午')",0,0,0
"('乙丑', '辛未')",0,0,0
"('乙丑', '壬申')",0,0,0
"('乙丑', '癸酉')",0,0,0
"('乙丑', '甲戌')",0,0,0
"('乙丑', '乙亥')",0,0,0
"('乙丑', '丙子')",0,0,0
"('乙丑', '丁丑')",0,0,0
"('乙丑', '戊寅')",0,0,0
"('乙丑', '己卯')",0,0,0
"('乙丑', '庚辰')",0,0,0
"('乙丑', '辛巳')",0,0,0
"('乙丑', '壬午')",0,0,0
"('乙丑', '癸未')",0,0,0
"('乙丑', '甲申')",0,0,0
"('乙丑', '乙酉')",0,0,0
"('乙丑', '丙戌')",0,0,0
"('乙丑', '丁亥')",0,0,0
"('乙丑', '戊子')",0,0,0
"('乙丑', '己丑')",0,0,0
"('乙丑', '庚寅')",0,0,0
"('乙丑', '辛卯')",0,0,0
"('乙丑', '壬辰')",0,0,0
"('乙丑', '癸巳')",0,0,0
"('乙丑', '甲午')",0,0,0
"('乙丑', '乙未')",0,0,0
"('乙丑', '丙申')",0,0,0
"('乙丑', '丁酉')",0,0,0
"('乙丑', '戊戌')",0,0,0
"('乙丑', '己亥')",0,0,0
"('乙丑', '庚子')",0,0,0
"('乙丑', '辛丑')",0,0,0
"('乙丑', '壬寅')",0,0,0
"('乙丑', '癸卯')",0,0,0
"('乙丑', '甲辰')",0,0,0
"('乙丑', '乙巳')",0,0,0
"('乙丑', '丙午')",0,0,0
"('乙丑', '丁未')",0,0,0
"('乙丑', '戊申')",0,0,0
"('乙丑', '己酉')",0,0,0
"('乙丑', '庚戌')",0,0,0
"('乙丑', '辛亥')",0,0,0
"('乙丑', '壬子')",0,0,0
"('乙丑', '癸丑')",0,0,0
"('乙丑', '甲寅')",0,0,0
"('乙丑', '乙卯')",0,0,0
"('乙丑', '丙辰')",0,0,0
"('乙丑', '丁巳')",0,0,0
"('乙丑', '戊午')",0,0,0
"('乙丑', '己未')",0,0,0
"('乙丑', '庚申')",0,0,0
"('乙丑', '辛酉')",0,0,0
"('乙丑', '壬戌')",0,0,0
"('乙丑', '癸亥')",0,0,0
"('丙寅', '丁卯')",0,0,0
"('丙寅', '戊辰')",0,0,0
"('丙寅', '己巳')",0,0,0
"('丙寅', '庚午')",0,0,0
"('丙寅', '辛未')",0,0,0
"('丙寅', '壬申')",0,0,0
"('丙寅', '癸酉')",0,0,0
"('丙寅', '甲戌')",0,0,0
"('丙寅', '乙亥')",0,0,0
"('丙寅', '丙子')",0,0,0
"('丙寅', '丁丑')",0,0,0
"('丙寅', '戊寅')",0,0,0
"('丙寅', '己卯')",0,0,0
"('丙寅', '庚辰')",0,0,0
"('丙寅', '辛巳')",0,0,0
"('丙寅', '壬午')",0,0,0
"('丙寅', '癸未')",0,0,0
"('丙寅', '甲申')",0,0,0
"('丙寅', '乙酉')",0,0,0
"('丙寅', '丙戌')",0,0,0
"('丙寅', '丁亥')",0,0,0
"('丙寅', '戊子')",0,0,0
"('丙寅', '己丑')",0,0,0
"('丙寅', '庚寅')",0,0,0
"('丙寅', '辛卯')",0,0,0
"('丙寅', '壬辰')",0,0,0
"('丙寅', '癸巳')",0,0,0
"('丙寅', '甲午')",0,0,0
"('丙寅', '乙未')",0,0,0
"('丙寅', '丙申')",0,0,0
"('丙寅', '丁酉')",0,0,0
"('丙寅', '戊戌')",0,0,0
"('丙寅', '己亥')",0,0,0
"('丙寅', '庚子')",0,0,0
"('丙寅', '辛丑')",0,0,0
"('丙寅', '壬寅')",0,0,0
"('丙寅', '癸卯')",0,0,0
"('丙寅', '甲辰')",0,0,0
"('丙寅', '乙巳')",0,0,0
"('丙寅', '丙午')",0,0,0
"('丙寅', '丁未')",0,0,0
"('丙寅', '戊申')",0,0,0
"('丙寅', '己酉')",0,0,0
"('丙寅', '庚戌')",0,0,0
"('丙寅', '辛亥')",0,0,0
"('丙寅', '壬子')",0,0,0
"('丙寅', '癸丑')",0,0,0
"('丙寅', '甲寅')",0,0,0
"('丙寅', '乙卯')",0,0,0
"('丙寅', '丙辰')",0,0,0
"('丙寅', '丁巳')",0,0,0
"('丙寅', '戊午')",0,0,0
"('丙寅', '己未')",0,0,0
"('丙寅', '庚申')",0,0,0
"('丙寅', '辛酉')",0,0,0
"('丙寅', '壬戌')",0,0,0
"('丙寅', '癸亥')",0,0,0
"('丁卯', '戊辰')",0,0,0
"('丁卯', '己巳')",0,0,0
"('丁卯', '庚午')",0,0,0
"('丁卯', '辛未')",0,0,0
"('丁卯', '壬申')",0,0,0
"('丁卯', '癸酉')",0,0,0
"('丁卯', '甲戌')",0,0,0
"('丁卯', '乙亥')",0,0,0
"('丁卯', '丙子')",0,0,0
"('丁卯', '丁丑')",0,0,0
"('丁卯', '戊寅')",0,0,0
"('丁卯', '己卯')",0,0,0
"('丁卯', '庚辰')",0,0,0
"('丁卯', '辛巳')",0,0,0
"('丁卯', '壬午')",0,0,0
"('丁卯', '癸未')",0,0,0
"('丁卯', '甲申')",0,0,0
"('丁卯', '乙酉')",0,0,0
"('丁卯', '丙戌')",0,0,0
"('丁卯', '丁亥')",0,0,0
"('丁卯', '戊子')",0,0,0
"('丁卯', '己丑')",0,0,0
"('丁卯', '庚寅')",0,0,0
"('丁卯', '辛卯')",0,0,0
"('丁卯', '壬辰')",0,0,0
"('丁卯', '癸巳')",0,0,0
"('丁卯', '甲午')",0,0,0
"('丁卯', '乙未')",0,0,0
"('丁卯', '丙申')",0,0,0
"('丁卯', '丁酉')",0,0,0
"('丁卯', '戊戌')",0,0,0
"('丁卯', '己亥')",0,0,0
"('丁卯', '庚子')",0,0,0
"('丁卯', '辛丑')",0,0,0
"('丁卯', '壬寅')",0,0,0
"('丁卯', '癸卯')",0,0,0
"('丁卯', '甲辰')",0,0,0
"('丁卯', '乙巳')",0,0,0
"('丁卯', '丙午')",0,0,0
"('丁卯', '丁未')",0,0,0
"('丁卯', '戊申')",0,0,0
"('丁卯', '己酉')",0,0,0
"('丁卯', '庚戌')",0,0,0
"('丁卯', '辛亥')",0,0,0
"('丁卯', '壬子')",0,0,0
"('丁卯', '癸丑')",0,0,0
"('丁卯', '甲寅')",0,0,0
"('丁卯', '乙卯')",0,0,0
"('丁卯', '丙辰')",0,0,0
"('丁卯', '丁巳')",0,0,0
"('丁卯', '戊午')",0,0,0
"('丁卯', '己未')",0,0,0
"('丁卯', '庚申')",0,0,0
"('丁卯', '辛酉')",0,0,0
"('丁卯', '壬戌')",0,0,0
"('丁卯', '癸亥')",0,0,0
"('戊辰', '己巳')",0,0,0
"('戊辰', '庚午')",0,0,0
"('戊辰', '辛未')",0,0,0
"('戊辰', '壬申')",0,0,0
"('戊辰', '癸酉')",0,0,0
"('戊辰', '甲戌')",0,0,0
"('戊辰', '乙亥')",0,0,0
"('戊辰', '丙子')",0,0,0
"('戊辰', '丁丑')",0,0,0
"('戊辰', '戊寅')",0,0,0
"('戊辰', '己卯')",0,0,0
"('戊辰', '庚辰')",0,0,0
"('戊辰', '辛巳')",0,0,0
"('戊辰', '壬午')",0,0,0
"('戊辰', '癸未')",0,0,0
"('戊辰', '甲申')",0,0,0
"('戊辰', '乙酉')",0,0,0
"('戊辰', '丙戌')",0,0,0
"('戊辰', '丁亥')",0,0,0
"('戊辰', '戊子')",0,0,0
"('戊辰', '己丑')",0,0,0
"('戊辰', '庚寅')",0,0,0
"('戊辰', '辛卯')",0,0,0
"('戊辰', '壬辰')",0,0,0
"('戊辰', '癸巳')",0,0,0
"('戊辰', '甲午')",0,0,0
"('戊辰', '乙未')",0,0,0
"('戊辰', '丙申')",0,0,0
"('戊辰', '丁酉')",0,0,0
"('戊辰', '戊戌')",0,0,0
"('戊辰', '己亥')",0,0,0
"('戊辰', '庚子')",0,0,0
"('戊辰', '辛丑')",0,0,0
"('戊辰', '壬寅')",0,0,0
"('戊辰', '癸卯')",0,0,0
"('戊辰', '甲辰')",0,0,0
"('戊辰', '乙巳')",0,0,0
"('戊辰', '丙午')",0,0,0
"('戊辰', '丁未')",0,0,0
"('戊辰', '戊申')",0,0,0
"('戊辰', '己酉')",0,0,0
"('戊辰', '庚戌')",0,0,0
"('戊辰', '辛亥')",0,0,0
"('戊辰', '壬子')",0,0,0
"('戊辰', '癸丑')",0,0,0
"('戊辰', '甲寅')",0,0,0
"('戊辰', '乙卯')",0,0,0
"('戊辰', '丙辰')",0,0,0
"('戊辰', '丁巳')",0,0,0
"('戊辰', '戊午')",0,0,0
"('戊辰', '己未')",0,0,0
"('戊辰', '庚申')",0,0,0
"('戊辰', '辛酉')",0,0,0
"('戊辰', '壬戌')",0,0,0
"('戊辰', '癸亥')",0,0,0
"('己巳', '庚午')",0,0,0
"('己巳', '辛未')",0,0,0
"('己巳', '壬申')",0,0,0
"('己巳', '癸酉')",0,0,0
"('己巳', '甲戌')",0,0,0
"('己巳', '乙亥')",0,0,0
"('己巳', '丙子')",0,0,0
"('己巳', '丁丑')",0,0,0
"('己巳', '戊寅')",0,0,0
"('己巳', '己卯')",0,0,0
"('己巳', '庚辰')",0,0,0
"('己巳', '辛巳')",0,0,0
"('己巳', '壬午')",0,0,0
"('己巳', '癸未')",0,0,0
"('己巳', '甲申')",0,0,0
"('己巳', '乙酉')",0,0,0
"('己巳', '丙戌')",0,0,0
"('己巳', '丁亥')",0,0,0
"('己巳', '戊子')",0,0,0
"('己巳', '己丑')",0,0,0
"('己巳', '庚寅')",0,0,0
"('己巳', '辛卯')",0,0,0
"('己巳', '壬辰')",0,0,0
"('己巳', '癸巳')",0,0,0
"('己巳', '甲午')",0,0,0
"('己巳', '乙未')",0,0,0
"('己巳', '丙申')",0,0,0
"('己巳', '丁酉')",0,0,0
"('己巳', '戊戌')",0,0,0
"('己巳', '己亥')",0,0,0
"('己巳', '庚子')",0,0,0
"('己巳', '辛丑')",0,0,0
"('己巳', '壬寅')",0,0,0
"('己巳', '癸卯')",0,0,0
"('己巳', '甲辰')",0,0,0
"('己巳', '乙巳')",0,0,0
"('己巳', '丙午')",0,0,0
"('己巳', '丁未')",0,0,0
"('己巳', '戊申')",0,0,0
"('己巳', '己酉')",0,0,0
"('己巳', '庚戌')",0,0,0
"('己巳', '辛亥')",0,0,0
"('己巳', '壬子')",0,0,0
"('己巳', '癸丑')",0,0,0
"('己巳', '甲寅')",0,0,0
"('己巳', '乙卯')",0,0,0
"('己巳', '丙辰')",0,0,0
"('己巳', '丁巳')",0,0,0
"('己巳', '戊午')",0,0,0
"('己巳', '己未')",0,0,0
"('己巳', '庚申')",0,0,0
"('己巳', '辛酉')",0,0,0
"('己巳', '壬戌')",0,0,0
"('己巳', '癸亥')",0,0,0
"('庚午', '辛未')",0,0,0
"('庚午', '壬申')",0,0,0
"('庚午', '癸酉')",0,0,0
"('庚午', '甲戌')",0,0,0
"('庚午', '乙亥')",0,0,0
"('庚午', '丙子')",0,0,0
"('庚午', '丁丑')",0,0,0
"('庚午', '戊寅')",0,0,0
"('庚午', '己卯')",0,0,0
"('庚午', '庚辰')",0,0,0
"('庚午', '辛巳')",0,0,0
"('庚午', '壬午')",0,0,0
"('庚午', '癸未')",0,0,0
"('庚午', '甲申')",0,0,0
"('庚午', '乙酉')",0,0,0
"('庚午', '丙戌')",0,0,0
"('庚午', '丁亥')",0,0,0
"('庚午', '戊子')",0,0,0
"('庚午', '己丑')",0,0,0
"('庚午', '庚寅')",0,0,0
"('庚午', '辛卯')",0,0,0
"('庚午', '壬辰')",0,0,0
"('庚午', '癸巳')",0,0,0
"('庚午', '甲午')",0,0,0
"('庚午', '乙未')",0,0,0
"('庚午', '丙申')",0,0,0
"('庚午', '丁酉')",0,0,0
"('庚午', '戊戌')",0,0,0
"('庚午', '己亥')",0,0,0
"('庚午', '庚子')",0,0,0
"('庚午', '辛丑')",0,0,0
"('庚午', '壬寅')",0,0,0
"('庚午', '癸卯')",0,0,0
"('庚午', '甲辰')",0,0,0
"('庚午', '乙巳')",0,0,0
"('庚午', '丙午')",0,0,0
"('庚午', '丁未')",0,0,0
"('庚午', '戊申')",0,0,0
"('庚午', '己酉')",0,0,0
"('庚午', '庚戌')",0,0,0
"('庚午', '辛亥')",0,0,0
"('庚午', '壬子')",0,0,0
"('庚午', '癸丑')",0,0,0
"('庚午', '甲寅')",0,0,0
"('庚午', '乙卯')",0,0,0
"('庚午', '丙辰')",0,0,0
"('庚午', '丁巳')",0,0,0
"('庚午', '戊午')",0,0,0
"('庚午', '己未')",0,0,0
"('庚午', '庚申')",0,0,0
"('庚午', '辛酉')",0,0,0
"('庚午', '壬戌')",0,0,0
"('庚午', '癸亥')",0,0,0
"('辛未', '壬申')",0,0,0
"('辛未', '癸酉')",0,0,0
"('辛未', '甲戌')",0,0,0
"('辛未', '乙亥')",0,0,0
"('辛未', '丙子')",0,0,0
"('辛未', '丁丑')",0,0,0
"('辛未', '戊寅')",0,0,0
"('辛未', '己卯')",0,0,0
"('辛未', '庚辰')",0,0,0
"('辛未', '辛巳')",0,0,0
"('辛未', '壬午')",0,0,0
"('辛未', '癸未')",0,0,0
"('辛未', '甲申')",0,0,0
"('辛未', '乙酉')",0,0,0
"('辛未', '丙戌')",0,0,0
"('辛未', '丁亥')",0,0,0
"('辛未', '戊子')",0,0,0
"('辛未', '己丑')",0,0,0
"('辛未', '庚寅')",0,0,0
"('辛未', '辛卯')",0,0,0
"('辛未', '壬辰')",0,0,0
"('辛未', '癸巳')",0,0,0
"('辛未', '甲午')",0,0,0
"('辛未', '乙未')",0,0,0
"('辛未', '丙申')",0,0,0
"('辛未', '丁酉')",0,0,0
"('辛未', '戊戌')",0,0,0
"('辛未', '己亥')",0,0,0
"('辛未', '庚子')",0,0,0
"('辛未', '辛丑')",0,0,0
"('辛未', '壬寅')",0,0,0
"('辛未', '癸卯')",0,0,0
"('辛未', '甲辰')",0,0,0
"('辛未', '乙巳')",0,0,0
"('辛未', '丙午')",0,0,0
"('辛未', '丁未')",0,0,0
"('辛未', '戊申')",0,0,0
"('辛未', '己酉')",0,0,0
"('辛未', '庚戌')",0,0,0
"('辛未', '辛亥')",0,0,0
"('辛未', '壬子')",0,0,0
"('辛未', '癸丑')",0,0,0
"('辛未', '甲寅')",0,0,0
"('辛未', '乙卯')",0,0,0
"('辛未', '丙辰')",0,0,0
"('辛未', '丁巳')",0,0,0
"('辛未', '戊午')",0,0,0
"('辛未', '己未')",0,0,0
"('辛未', '庚申')",0,0,0
"('辛未', '辛酉')",0,0,0
"('辛未', '壬戌')",0,0,0
"('辛未', '癸亥')",0,0,0
"('壬申', '癸酉')",0,0,0
"('壬申', '甲戌')",0,0,0
"('壬申', '乙亥')",0,0,0
"('壬申', '丙子')",0,0,0
"('壬申', '丁丑')",0,0,0
"('壬申', '戊寅')",0,0,0
"('壬申', '己卯')",0,0,0
"('壬申', '庚辰')",0,0,0
"('壬申', '辛巳')",0,0,0
"('壬申', '壬午')",0,0,0
"('壬申', '癸未')",0,0,0
"('壬申', '甲申')",0,0,0
"('壬申', '乙酉')",0,0,0
"('壬申', '丙戌')",0,0,0
"('壬申', '丁亥')",0,0,0
"('壬申', '戊子')",0,0,0
"('壬申', '己丑')",0,0,0
"('壬申', '庚寅')",0,0,0
"('壬申', '辛卯')",0,0,0
"('壬申', '壬辰')",0,0,0
"('壬申', '癸巳')",0,0,0
"('壬申', '甲午')",0,0,0
"('壬申', '乙未')",0,0,0
"('壬申', '丙申')",0,0,0
"('壬申', '丁酉')",0,0,0
"('壬申', '戊戌')",0,0,0
"('壬申', '己亥')",0,0,0
"('壬申', '庚子')",0,0,0
"('壬申', '辛丑')",0,0,0
"('壬申', '壬寅')",0,0,0
"('壬申', '癸卯')",0,0,0
"('壬申', '甲辰')",0,0,0
"('壬申', '乙巳')",0,0,0
"('壬申', '丙午')",0,0,0
"('壬申', '丁未')",0,0,0
"('壬申', '戊申')",0,0,0
"('壬申', '己酉')",0,0,0
"('壬申', '庚戌')",0,0,0
"('壬申', '辛亥')",0,0,0
"('壬申', '壬子')",0,0,0
"('壬申', '癸丑')",0,0,0
"('壬申', '甲寅')",0,0,0
"('壬申', '乙卯')",0,0,0
"('壬申', '丙辰')",0,0,0
"('壬申', '丁巳')",0,0,0
"('壬申', '戊午')",0,0,0
"('壬申', '己未')",0,0,0
"('壬申', '庚申')",0,0,0
"('壬申', '辛酉')",0,0,0
"('壬申', '壬戌')",0,0,0
"('壬申', '癸亥')",0,0,0
"('癸酉', '甲戌')",0,0,0
"('癸酉', '乙亥')",0,0,0
"('癸酉', '丙子')",0,0,0
"('癸酉', '丁丑')",0,0,0
"('癸酉', '戊寅')",0,0,0
"('癸酉', '己卯')",0,0,0
"('癸酉', '庚辰')",0,0,0
"('癸酉', '辛巳')",0,0,0
"('癸酉', '壬午')",0,0,0
"('癸酉', '癸未')",0,0,0
"('癸酉', '甲申')",0,0,0
"('癸酉', '乙酉')",0,0,0
"('癸酉', '丙戌')",0,0,0
"('癸酉', '丁亥')",0,0,0
"('癸酉', '戊子')",0,0,0
"('癸酉', '己丑')",0,0,0
"('癸酉', '庚寅')",0,0,0
"('癸酉', '辛卯')",0,0,0
"('癸酉', '壬辰')",0,0,0
"('癸酉', '癸巳')",0,0,0
"('癸酉', '甲午')",0,0,0
"('癸酉', '乙未')",0,0,0
"('癸酉', '丙申')",0,0,0
"('癸酉', '丁酉')",0,0,0
"('癸酉', '戊戌')",0,0,0
"('癸酉', '己亥')",0,0,0
"('癸酉', '庚子')",0,0,0
"('癸酉', '辛丑')",0,0,0
"('癸酉', '壬寅')",0,0,0
"('癸酉', '癸卯')",0,0,0
"('癸酉', '甲辰')",0,0,0
"('癸酉', '乙巳')",0,0,0
"('癸酉', '丙午')",0,0,0
"('癸酉', '丁未')",0,0,0
"('癸酉', '戊申')",0,0,0
"('癸酉', '己酉')",0,0,0
"('癸酉', '庚戌')",0,0,0
"('癸酉', '辛亥')",0,0,0
"('癸酉', '壬子')",0,0,0
"('癸酉', '癸丑')",0,0,0
"('癸酉', '甲寅')",0,0,0
"('癸酉', '乙卯')",0,0,0
"('癸酉', '丙辰')",0,0,0
"('癸酉', '丁巳')",0,0,0
"('癸酉', '戊午')",0,0,0
"('癸酉', '己未')",0,0,0
"('癸酉', '庚申')",0,0,0
"('癸酉', '辛酉')",0,0,0
"('癸酉', '壬戌')",0,0,0
"('癸酉', '癸亥')",0,0,0
"('甲戌', '乙亥')",0,0,0
"('甲戌', '丙子')",0,0,0
"('甲戌', '丁丑')",0,0,0
"('甲戌', '戊寅')",0,0,0
"('甲戌', '己卯')",0,0,0
"('甲戌', '庚辰')",0,0,0
"('甲戌', '辛巳')",0,0,0
"('甲戌', '壬午')",0,0,0
"('甲戌', '癸未')",0,0,0
"('甲戌', '甲申')",0,0,0
"('甲戌', '乙酉')",0,0,0
"('甲戌', '丙戌')",0,0,0
"('甲戌', '丁亥')",0,0,0
"('甲戌', '戊子')",0,0,0
"('甲戌', '己丑')",0,0,0
"('甲戌', '庚寅')",0,0,0
"('甲戌', '辛卯')",0,0,0
"('甲戌', '壬辰')",0,0,0
"('甲戌', '癸巳')",0,0,0
"('甲戌', '甲午')",0,0,0
"('甲戌', '乙未')",0,0,0
"('甲戌', '丙申')",0,0,0
"('甲戌', '丁酉')",0,0,0
"('甲戌', '戊戌')",0,0,0
"('甲戌', '己亥')",0,0,0
"('甲戌', '庚子')",0,0,0
"('甲戌', '辛丑')",0,0,0
"('甲戌', '壬寅')",0,0,0
"('甲戌', '癸卯')",0,0,0
"('甲戌', '甲辰')",0,0,0
"('甲戌', '乙巳')",0,0,0
"('甲戌', '丙午')",0,0,0
"('甲戌', '丁未')",0,0,0
"('甲戌', '戊申')",0,0,0
"('甲戌', '己酉')",0,0,0
"('甲戌', '庚戌')",0,0,0
"('甲戌', '辛亥')",0,0,0
"('甲戌', '壬子')",0,0,0
"('甲戌', '癸丑')",0,0,0
"('甲戌', '甲寅')",0,0,0
"('甲戌', '乙卯')",0,0,0
"('甲戌', '丙辰')",0,0,0
"('甲戌', '丁巳')",0,0,0
"('甲戌', '戊午')",0,0,0
"('甲戌', '己未')",0,0,0
"('甲戌', '庚申')",0,0,0
"('甲戌', '辛酉')",0,0,0
"('甲戌', '壬戌')",0,0,0
"('甲戌', '癸亥')",0,0,0
"('乙亥', '丙子')",0,0,0
"('乙亥', '丁丑')",0,0,0
"('乙亥', '戊寅')",0,0,0
"('乙亥', '己卯')",0,0,0
"('乙亥', '庚辰')",0,0,0
"('乙亥', '辛巳')",0,0,0
"('乙亥', '壬午')",0,0,0
"('乙亥', '癸未')",0,0,0
"('乙亥', '甲申')",0,0,0
"('乙亥', '乙酉')",0,0,0
"('乙亥', '丙戌')",0,0,0
"('乙亥', '丁亥')",0,0,0
"('乙亥', '戊子')",0,0,0
"('乙亥', '己丑')",0,0,0
"('乙亥', '庚寅')",0,0,0
"('乙亥', '辛卯')",0,0,0
"('乙亥', '壬辰')",0,0,0
"('乙亥', '癸巳')",0,0,0
"('乙亥', '甲午')",0,0,0
"('乙亥', '乙未')",0,0,0
"('乙亥', '丙申')",0,0,0
"('乙亥', '丁酉')",0,0,0
"('乙亥', '戊戌')",0,0,0
"('乙亥', '己亥')",0,0,0
"('乙亥', '庚子')",0,0,0
"('乙亥', '辛丑')",0,0,0
"('乙亥', '壬寅')",0,0,0
"('乙亥', '癸卯')",0,0,0
"('乙亥', '甲辰')",0,0,0
"('乙亥', '乙巳')",0,0,0
"('乙亥', '丙午')",0,0,0
"('乙亥', '丁未')",0,0,0
"('乙亥', '戊申')",0,0,0
"('乙亥', '己酉')",0,0,0
"('乙亥', '庚戌')",0,0,0
"('乙亥', '辛亥')",0,0,0
"('乙亥', '壬子')",0,0,0
"('乙亥', '癸丑')",0,0,0
"('乙亥', '甲寅')",0,0,0
"('乙亥', '乙卯')",0,0,0
"('乙亥', '丙辰')",0,0,0
"('乙亥', '丁巳')",0,0,0
"('乙亥', '戊午')",0,0,0
"('乙亥', '己未')",0,0,0
"('乙亥', '庚申')",0,0,0
"('乙亥', '辛酉')",0,0,0
"('乙亥', '壬戌')",0,0,0
"('乙亥', '癸亥')",0,0,0
"('丙子', '丁丑')",0,0,0
"('丙子', '戊寅')",0,0,0
"('丙子', '己卯')",0,0,0
"('丙子', '庚辰')",0,0,0
"('丙子', '辛巳')",0,0,0
"('丙子', '壬午')",0,0,0
"('丙子', '癸未')",0,0,0
"('丙子', '甲申')",0,0,0
"('丙子', '乙酉')",0,0,0
"('丙子', '丙戌')",0,0,0
"('丙子', '丁亥')",0,0,0
"('丙子', '戊子')",0,0,0
"('丙子', '己丑')",0,0,0
"('丙子', '庚寅')",0,0,0
"('丙子', '辛卯')",0,0,0
"('丙子', '壬辰')",0,0,0
"('丙子', '癸巳')",0,0,0
"('丙子', '甲午')",0,0,0
"('丙子', '乙未')",0,0,0
"('丙子', '丙申')",0,0,0
"('丙子', '丁酉')",0,0,0
"('丙子', '戊戌')",0,0,0
"('丙子', '己亥')",0,0,0
"('丙子', '庚子')",0,0,0
"('丙子', '辛丑')",0,0,0
"('丙子', '壬寅')",0,0,0
"('丙子', '癸卯')",0,0,0
"('丙子', '甲辰')",0,0,0
"('丙子', '乙巳')",0,0,0
"('丙子', '丙午')",0,0,0
"('丙子', '丁未')",0,0,0
"('丙子', '戊申')",0,0,0
"('丙子', '己酉')",0,0,0
"('丙子', '庚戌')",0,0,0
"('丙子', '辛亥')",0,0,0
"('丙子', '壬子')",0,0,0
"('丙子', '癸丑')",0,0,0
"('丙子', '甲寅')",0,0,0
"('丙子', '乙卯')",0,0,0
"('丙子', '丙辰')",0,0,0
"('丙子', '丁巳')",0,0,0
"('丙子', '戊午')",0,0,0
"('丙子', '己未')",0,0,0
"('丙子', '庚申')",0,0,0
"('丙子', '辛酉')",0,0,0
"('丙子', '壬戌')",0,0,0
"('丙子', '癸亥')",0,0,0
"('丁丑', '戊寅')",0,0,0
"('丁丑', '己卯')",0,0,0
"('丁丑', '庚辰')",0,0,0
"('丁丑', '辛巳')",0,0,0
"('丁丑', '壬午')",0,0,0
"('丁丑', '癸未')",0,0,0
"('丁丑', '甲申')",0,0,0
"('丁丑', '乙酉')",0,0,0
"('丁丑', '丙戌')",0,0,0
"('丁丑', '丁亥')",0,0,0
"('丁丑', '戊子')",0,0,0
"('丁丑', '己丑')",0,0,0
"('丁丑', '庚寅')",0,0,0
"('丁丑', '辛卯')",0,0,0
"('丁丑', '壬辰')",0,0,0
"('丁丑', '癸巳')",0,0,0
"('丁丑', '甲午')",0,0,0
"('丁丑', '乙未')",0,0,0
"('丁丑', '丙申')",0,0,0
"('丁丑', '丁酉')",0,0,0
"('丁丑', '戊戌')",0,0,0
"('丁丑', '己亥')",0,0,0
"('丁丑', '庚子')",0,0,0
"('丁丑', '辛丑')",0,0,0
"('丁丑', '壬寅')",0,0,0
"('丁丑', '癸卯')",0,0,0
"('丁丑', '甲辰')",0,0,0
"('丁丑', '乙巳')",0,0,0
"('丁丑', '丙午')",0,0,0
"('丁丑', '丁未')",0,0,0
"('丁丑', '戊申')",0,0,0
"('丁丑', '己酉')",0,0,0
"('丁丑', '庚戌')",0,0,0
"('丁丑', '辛亥')",0,0,0
"('丁丑', '壬子')",0,0,0
"('丁丑', '癸丑')",0,0,0
"('丁丑', '甲寅')",0,0,0
"('丁丑', '乙卯')",0,0,0
"('丁丑', '丙辰')",0,0,0
"('丁丑', '丁巳')",0,0,0
"('丁丑', '戊午')",0,0,0
"('丁丑', '己未')",0,0,0
"('丁丑', '庚申')",0,0,0
"('丁丑', '辛酉')",0,0,0
"('丁丑', '壬戌')",0,0,0
"('丁丑', '癸亥')",0,0,0
"('戊寅', '己卯')",0,0,0
"('戊寅', '庚辰')",0,0,0
"('戊寅', '辛巳')",0,0,0
"('戊寅', '壬午')",0,0,0
"('戊寅', '癸未')",0,0,0
"('戊寅', '甲申')",0,0,0
"('戊寅', '乙酉')",0,0,0
"('戊寅', '丙戌')",0,0,0
"('戊寅', '丁亥')",0,0,0
"('戊寅', '戊子')",0,0,0
"('戊寅', '己丑')",0,0,0
"('戊寅', '庚寅')",0,0,0
"('戊寅', '辛卯')",0,0,0
"('戊寅', '壬辰')",0,0,0
"('戊寅', '癸巳')",0,0,0
"('戊寅', '甲午')",0,0,0
"('戊寅', '乙未')",0,0,0
"('戊寅', '丙申')",0,0,0
"('戊寅', '丁酉')",0,0,0
"('戊寅', '戊戌')",0,0,0
"('戊寅', '己亥')",0,0,0
"('戊寅', '庚子')",0,0,0
"('戊寅', '辛丑')",0,0,0
"('戊寅', '壬寅')",0,0,0
"('戊寅', '癸卯')",0,0,0
"('戊寅', '甲辰')",0,0,0
"('戊寅', '乙巳')",0,0,0
"('戊寅', '丙午')",0,0,0
"('戊寅', '丁未')",0,0,0
"('戊寅', '戊申')",0,0,0
"('戊寅', '己酉')",0,0,0
"('戊寅', '庚戌')",0,0,0
"('戊寅', '辛亥')",0,0,0
"('戊寅', '壬子')",0,0,0
"('戊寅', '癸丑')",0,0,0
"('戊寅', '甲寅')",0,0,0
"('戊寅', '乙卯')",0,0,0
"('戊寅', '丙辰')",0,0,0
"('戊寅', '丁巳')",0,0,0
"('戊寅', '戊午')",0,0,0
"('戊寅', '己未')",0,0,0
"('戊寅', '庚申')",0,0,0
"('戊寅', '辛酉')",0,0,0
"('戊寅', '壬戌')",0,0,0
"('戊寅', '癸亥')",0,0,0
"('己卯', '庚辰')",0,0,0
"('己卯', '辛巳')",0,0,0
"('己卯', '壬午')",0,0,0
"('己卯', '癸未')",0,0,0
"('己卯', '甲申')",0,0,0
"('己卯', '乙酉')",0,0,0
"('己卯', '丙戌')",0,0,0
"('己卯', '丁亥')",0,0,0
"('己卯', '戊子')",0,0,0
"('己卯', '己丑')",0,0,0
"('己卯', '庚寅')",0,0,0
"('己卯', '辛卯')",0,0,0
"('己卯', '壬辰')",0,0,0
"('己卯', '癸巳')",0,0,0
"('己卯', '甲午')",0,0,0
"('己卯', '乙未')",0,0,0
"('己卯', '丙申')",0,0,0
"('己卯', '丁酉')",0,0,0
"('己卯', '戊戌')",0,0,0
"('己卯', '己亥')",0,0,0
"('己卯', '庚子')",0,0,0
"('己卯', '辛丑')",0,0,0
"('己卯', '壬寅')",0,0,0
"('己卯', '癸卯')",0,0,0
"('己卯', '甲辰')",0,0,0
"('己卯', '乙巳')",0,0,0
"('己卯', '丙午')",0,0,0
"('己卯', '丁未')",0,0,0
"('己卯', '戊申')",0,0,0
"('己卯', '己酉')",0,0,0
"('己卯', '庚戌')",0,0,0
"('己卯', '辛亥')",0,0,0
"('己卯', '壬子')",0,0,0
"('己卯', '癸丑')",0,0,0
"('己卯', '甲寅')",0,0,0
"('己卯', '乙卯')",0,0,0
"('己卯', '丙辰')",0,0,0
"('己卯', '丁巳')",0,0,0
"('己卯', '戊午')",0,0,0
"('己卯', '己未')",0,0,0
"('己卯', '庚申')",0,0,0
"('己卯', '辛酉')",0,0,0
"('己卯', '壬戌')",0,0,0
"('己卯', '癸亥')",0,0,0
"('庚辰', '辛巳')",0,0,0
"('庚辰', '壬午')",0,0,0
"('庚辰', '癸未')",0,0,0
"('庚辰', '甲申')",0,0,0
"('庚辰', '乙酉')",0,0,0
"('庚辰', '丙戌')",0,0,0
"('庚辰', '丁亥')",0,0,0
"('庚辰', '戊子')",0,0,0
"('庚辰', '己丑')",0,0,0
"('庚辰', '庚寅')",0,0,0
"('庚辰', '辛卯')",0,0,0
"('庚辰', '壬辰')",0,0,0
"('庚辰', '癸巳')",0,0,0
"('庚辰', '甲午')",0,0,0
"('庚辰', '乙未')",0,0,0
"('庚辰', '丙申')",0,0,0
"('庚辰', '丁酉')",0,0,0
"('庚辰', '戊戌')",0,0,0
"('庚辰', '己亥')",0,0,0
"('庚辰', '庚子')",0,0,0
"('庚辰', '辛丑')",0,0,0
"('庚辰', '壬寅')",0,0,0
"('庚辰', '癸卯')",0,0,0
"('庚辰', '甲辰')",0,0,0
"('庚辰', '乙巳')",0,0,0
"('庚辰', '丙午')",0,0,0
"('庚辰', '丁未')",0,0,0
"('庚辰', '戊申')",0,0,0
"('庚辰', '己酉')",0,0,0
"('庚辰', '庚戌')",0,0,0
"('庚辰', '辛亥')",0,0,0
"('庚辰', '壬子')",0,0,0
"('庚辰', '癸丑')",0,0,0
"('庚辰', '甲寅')",0,0,0
"('庚辰', '乙卯')",0,0,0
"('庚辰', '丙辰')",0,0,0
"('庚辰', '丁巳')",0,0,0
"('庚辰', '戊午')",0,0,0
"('庚辰', '己未')",0,0,0
"('庚辰', '庚申')",0,0,0
"('庚辰', '辛酉')",0,0,0
"('庚辰', '壬戌')",0,0,0
"('庚辰', '癸亥')",0,0,0
"('辛巳', '壬午')",0,0,0
"('辛巳', '癸未')",0,0,0
"('辛巳', '甲申')",0,0,0
"('辛巳', '乙酉')",0,0,0
"('辛巳', '丙戌')",0,0,0
"('辛巳', '丁亥')",0,0,0
"('辛巳', '戊子')",0,0,0
"('辛巳', '己丑')",0,0,0
"('辛巳', '庚寅')",0,0,0
"('辛巳', '辛卯')",0,0,0
"('辛巳', '壬辰')",0,0,0
"('辛巳', '癸巳')",0,0,0
"('辛巳', '甲午')",0,0,0
"('辛巳', '乙未')",0,0,0
"('辛巳', '丙申')",0,0,0
"('辛巳', '丁酉')",0,0,0
"('辛巳', '戊戌')",0,0,0
"('辛巳', '己亥')",0,0,0
"('辛巳', '庚子')",0,0,0
"('辛巳', '辛丑')",0,0,0
"('辛巳', '壬寅')",0,0,0
"('辛巳', '癸卯')",0,0,0
"('辛巳', '甲辰')",0,0,0
"('辛巳', '乙巳')",0,0,0
"('辛巳', '丙午')",0,0,0
"('辛巳', '丁未')",0,0,0
"('辛巳', '戊申')",0,0,0
"('辛巳', '己酉')",0,0,0
"('辛巳', '庚戌')",0,0,0
"('辛巳', '辛亥')",0,0,0
"('辛巳', '壬子')",0,0,0
"('辛巳', '癸丑')",0,0,0
"('辛巳', '甲寅')",0,0,0
"('辛巳', '乙卯')",0,0,0
"('辛巳', '丙辰')",0,0,0
"('辛巳', '丁巳')",0,0,0
"('辛巳', '戊午')",0,0,0
"('辛巳', '己未')",0,0,0
"('辛巳', '庚申')",0,0,0
"('辛巳', '辛酉')",0,0,0
"('辛巳', '壬戌')",0,0,0
"('辛巳', '癸亥')",0,0,0
"('壬午', '癸未')",0,0,0
"('壬午', '甲申')",0,0,0
"('壬午', '乙酉')",0,0,0
"('壬午', '丙戌')",0,0,0
"('壬午', '丁亥')",0,0,0
"('壬午', '戊子')",0,0,0
"('壬午', '己丑')",0,0,0
"('壬午', '庚寅')",0,0,0
"('壬午', '辛卯')",0,0,0
"('壬午', '壬辰')",0,0,0
"('壬午', '癸巳')",0,0,0
"('壬午', '甲午')",0,0,0
"('壬午', '乙未')",0,0,0
"('壬午', '丙申')",0,0,0
"('壬午', '丁酉')",0,0,0
"('壬午', '戊戌')",0,0,0
"('壬午', '己亥')",0,0,0
"('壬午', '庚子')",0,0,0
"('壬午', '辛丑')",0,0,0
"('壬午', '壬寅')",0,0,0
"('壬午', '癸卯')",0,0,0
"('壬午', '甲辰')",0,0,0
"('壬午', '乙巳')",0,0,0
"('壬午', '丙午')",0,0,0
"('壬午', '丁未')",0,0,0
"('壬午', '戊申')",0,0,0
"('壬午', '己酉')",0,0,0
"('壬午', '庚戌')",0,0,0
"('壬午', '辛亥')",0,0,0
"('壬午', '壬子')",0,0,0
"('壬午', '癸丑')",0,0,0
"('壬午', '甲寅')",0,0,0
"('壬午', '乙卯')",0,0,0
"('壬午', '丙辰')",0,0,0
"('壬午', '丁巳')",0,0,0
"('壬午', '戊午')",0,0,0
"('壬午', '己未')",0,0,0
"('壬午', '庚申')",0,0,0
"('壬午', '辛酉')",0,0,0
"('壬午', '壬戌')",0,0,0
"('壬午', '癸亥')",0,0,0
"('癸未', '甲申')",0,0,0
"('癸未', '乙酉')",0,0,0
"('癸未', '丙戌')",0,0,0
"('癸未', '丁亥')",0,0,0
"('癸未', '戊子')",0,0,0
"('癸未', '己丑')",0,0,0
"('癸未', '庚寅')",0,0,0
"('癸未', '辛卯')",0,0,0
"('癸未', '壬辰')",0,0,0
"('癸未', '癸巳')",0,0,0
"('癸未', '甲午')",0,0,0
"('癸未', '乙未')",0,0,0
"('癸未', '丙申')",0,0,0
"('癸未', '丁酉')",0,0,0
"('癸未', '戊戌')",0,0,0
"('癸未', '己亥')",0,0,0
"('癸未', '庚子')",0,0,0
"('癸未', '辛丑')",0,0,0
"('癸未', '壬寅')",0,0,0
"('癸未', '癸卯')",0,0,0
"('癸未', '甲辰')",0,0,0
"('癸未', '乙巳')",0,0,0
"('癸未', '丙午')",0,0,0
"('癸未', '丁未')",0,0,0
"('癸未', '戊申')",0,0,0
"('癸未', '己酉')",0,0,0
"('癸未', '庚戌')",0,0,0
"('癸未', '辛亥')",0,0,0
"('癸未', '壬子')",0,0,0
"('癸未', '癸丑')",0,0,0
"('癸未', '甲寅')",0,0,0
"('癸未', '乙卯')",0,0,0
"('癸未', '丙辰')",0,0,0
"('癸未', '丁巳')",0,0,0
"('癸未', '戊午')",0,0,0
"('癸未', '己未')",0,0,0
"('癸未', '庚申')",0,0,0
"('癸未', '辛酉')",0,0,0
"('癸未', '壬戌')",0,0,0
"('癸未', '癸亥')",0,0,0
"('甲申', '乙酉')",0,0,0
"('甲申', '丙戌')",0,0,0
"('甲申', '丁亥')",0,0,0
"('甲申', '戊子')",0,0,0
"('甲申', '己丑')",0,0,0
"('甲申', '庚寅')",0,0,0
"('甲申', '辛卯')",0,0,0
"('甲申', '壬辰')",0,0,0
"('甲申', '癸巳')",0,0,0
"('甲申', '甲午')",0,0,0
"('甲申', '乙未')",0,0,0
"('甲申', '丙申')",0,0,0
"('甲申', '丁酉')",0,0,0
"('甲申', '戊戌')",0,0,0
"('甲申', '己亥')",0,0,0
"('甲申', '庚子')",0,0,0
"('甲申', '辛丑')",0,0,0
"('甲申', '壬寅')",0,0,0
"('甲申', '癸卯')",0,0,0
"('甲申', '甲辰')",0,0,0
"('甲申', '乙巳')",0,0,0
"('甲申', '丙午')",0,0,0
"('甲申', '丁未')",0,0,0
"('甲申', '戊申')",0,0,0
"('甲申', '己酉')",0,0,0
"('甲申', '庚戌')",0,0,0
"('甲申', '辛亥')",0,0,0
"('甲申', '壬子')",0,0,0
"('甲申', '癸丑')",0,0,0
"('甲申', '甲寅')",0,0,0
"('甲申', '乙卯')",0,0,0
"('甲申', '丙辰')",0,0,0
"('甲申', '丁巳')",0,0,0
"('甲申', '戊午')",0,0,0
"('甲申', '己未')",0,0,0
"('甲申', '庚申')",0,0,0
"('甲申', '辛酉')",0,0,0
"('甲申', '壬戌')",0,0,0
"('甲申', '癸亥')",0,0,0
"('乙酉', '丙戌')",0,0,0
"('乙酉', '丁亥')",0,0,0
"('乙酉', '戊子')",0,0,0
"('乙酉', '己丑')",0,0,0
"('乙酉', '庚寅')",0,0,0
"('乙酉', '辛卯')",0,0,0
"('乙酉', '壬辰')",0,0,0
"('乙酉', '癸巳')",0,0,0
"('乙酉', '甲午')",0,0,0
"('乙酉', '乙未')",0,0,0
"('乙酉', '丙申')",0,0,0
"('乙酉', '丁酉')",0,0,0
"('乙酉', '戊戌')",0,0,0
"('乙酉', '己亥')",0,0,0
"('乙酉', '庚子')",0,0,0
"('乙酉', '辛丑')",0,0,0
"('乙酉', '壬寅')",0,0,0
"('乙酉', '癸卯')",0,0,0
"('乙酉', '甲辰')",0,0,0
"('乙酉', '乙巳')",0,0,0
"('乙酉', '丙午')",0,0,0
"('乙酉', '丁未')",0,0,0
"('乙酉', '戊申')",0,0,0
"('乙酉', '己酉')",0,0,0
"('乙酉', '庚戌')",0,0,0
"('乙酉', '辛亥')",0,0,0
"('乙酉', '壬子')",0,0,0
"('乙酉', '癸丑')",0,0,0
"('乙酉', '甲寅')",0,0,0
"('乙酉', '乙卯')",0,0,0
"('乙酉', '丙辰')",0,0,0
"('乙酉', '丁巳')",0,0,0
"('乙酉', '戊午')",0,0,0
"('乙酉', '己未')",0,0,0
"('乙酉', '庚申')",0,0,0
"('乙酉', '辛酉')",0,0,0
"('乙酉', '壬戌')",0,0,0
"('乙酉', '癸亥')",0,0,0
"('丙戌', '丁亥')",0,0,0
"('丙戌', '戊子')",0,0,0
"('丙戌', '己丑')",0,0,0
"('丙戌', '庚寅')",0,0,0
"('丙戌', '辛卯')",0,0,0
"('丙戌', '壬辰')",0,0,0
"('丙戌', '癸巳')",0,0,0
"('丙戌', '甲午')",0,0,0
"('丙戌', '乙未')",0,0,0
"('丙戌', '丙申')",0,0,0
"('丙戌', '丁酉')",0,0,0
"('丙戌', '戊戌')",0,0,0
"('丙戌', '己亥')",0,0,0
"('丙戌', '庚子')",0,0,0
"('丙戌', '辛丑')",0,0,0
"('丙戌', '壬寅')",0,0,0
"('丙戌', '癸卯')",0,0,0
"('丙戌', '甲辰')",0,0,0
"('丙戌', '乙巳')",0,0,0
"('丙戌', '丙午')",0,0,0
"('丙戌', '丁未')",0,0,0
"('丙戌', '戊申')",0,0,0
"('丙戌', '己酉')",0,0,0
"('丙戌', '庚戌')",0,0,0
"('丙戌', '辛亥')",0,0,0
"('丙戌', '壬子')",0,0,0
"('丙戌', '癸丑')",0,0,0
"('丙戌', '甲寅')",0,0,0
"('丙戌', '乙卯')",0,0,0
"('丙戌', '丙辰')",0,0,0
"('丙戌', '丁巳')",0,0,0
"('丙戌', '戊午')",0,0,0
"('丙戌', '己未')",0,0,0
"('丙戌', '庚申')",0,0,0
"('丙戌', '辛酉')",0,0,0
"('丙戌', '壬戌')",0,0,0
"('丙戌', '癸亥')",0,0,0
"('丁亥', '戊子')",0,0,0
"('丁亥', '己丑')",0,0,0
"('丁亥', '庚寅')",0,0,0
"('丁亥', '辛卯')",0,0,0
"('丁亥', '壬辰')",0,0,0
"('丁亥', '癸巳')",0,0,0
"('丁亥', '甲午')",0,0,0
"('丁亥', '乙未')",0,0,0
"('丁亥', '丙申')",0,0,0
"('丁亥', '丁酉')",0,0,0
"('丁亥', '戊戌')",0,0,0
"('丁亥', '己亥')",0,0,0
"('丁亥', '庚子')",0,0,0
"('丁亥', '辛丑')",0,0,0
"('丁亥', '壬寅')",0,0,0
"('丁亥', '癸卯')",0,0,0
"('丁亥', '甲辰')",0,0,0
"('丁亥', '乙巳')",0,0,0
"('丁亥', '丙午')",0,0,0
"('丁亥', '丁未')",0,0,0
"('丁亥', '戊申')",0,0,0
"('丁亥', '己酉')",0,0,0
"('丁亥', '庚戌')",0,0,0
"('丁亥', '辛亥')",0,0,0
"('丁亥', '壬子')",0,0,0
"('丁亥', '癸丑')",0,0,0
"('丁亥', '甲寅')",0,0,0
"('丁亥', '乙卯')",0,0,0
"('丁亥', '丙辰')",0,0,0
"('丁亥', '丁巳')",0,0,0
"('丁亥', '戊午')",0,0,0
"('丁亥', '己未')",0,0,0
"('丁亥', '庚申')",0,0,0
"('丁亥', '辛酉')",0,0,0
"('丁亥', '壬戌')",0,0,0
"('丁亥', '癸亥')",0,0,0
"('戊子', '己丑')",0,0,0
"('戊子', '庚寅')",0,0,0
"('戊子', '辛卯')",0,0,0
"('戊子', '壬辰')",0,0,0
"('戊子', '癸巳')",0,0,0
"('戊子', '甲午')",0,0,0
"('戊子', '乙未')",0,0,0
"('戊子', '丙申')",0,0,0
"('戊子', '丁酉')",0,0,0
"('戊子', '戊戌')",0,0,0
"('戊子', '己亥')",0,0,0
"('戊子', '庚子')",0,0,0
"('戊子', '辛丑')",0,0,0
"('戊子', '壬寅')",0,0,0
"('戊子', '癸卯')",0,0,0
"('戊子', '甲辰')",0,0,0
"('戊子', '乙巳')",0,0,0
"('戊子', '丙午')",0,0,0
"('戊子', '丁未')",0,0,0
"('戊子', '戊申')",0,0,0
"('戊子', '己酉')",0,0,0
"('戊子', '庚戌')",0,0,0
"('戊子', '辛亥')",0,0,0
"('戊子', '壬子')",0,0,0
"('戊子', '癸丑')",0,0,0
"('戊子', '甲寅')",0,0,0
"('戊子', '乙卯')",0,0,0
"('戊子', '丙辰')",0,0,0
"('戊子', '丁巳')",0,0,0
"('戊子', '戊午')",0,0,0
"('戊子', '己未')",0,0,0
"('戊子', '庚申')",0,0,0
"('戊子', '辛酉')",0,0,0
"('戊子', '壬戌')",0,0,0
"('戊子', '癸亥')",0,0,0
"('己丑', '庚寅')",0,0,0
"('己丑', '辛卯')",0,0,0
"('己丑', '壬辰')",0,0,0
"('己丑', '癸巳')",0,0,0
"('己丑', '甲午')",0,0,0
"('己丑', '乙未')",0,0,0
"('己丑', '丙申')",0,0,0
"('己丑', '丁酉')",0,0,0
"('己丑', '戊戌')",0,0,0
"('己丑', '己亥')",0,0,0
"('己丑', '庚子')",0,0,0
"('己丑', '辛丑')",0,0,0
"('己丑', '壬寅')",0,0,0
"('己丑', '癸卯')",0,0,0
"('己丑', '甲辰')",0,0,0
"('己丑', '乙巳')",0,0,0
"('己丑', '丙午')",0,0,0
"('己丑', '丁未')",0,0,0
"('己丑', '戊申')",0,0,0
"('己丑', '己酉')",0,0,0
"('己丑', '庚戌')",0,0,0
"('己丑', '辛亥')",0,0,0
"('己丑', '壬子')",0,0,0
"('己丑', '癸丑')",0,0,0
"('己丑', '甲寅')",0,0,0
"('己丑', '乙卯')",0,0,0
"('己丑', '丙辰')",0,0,0
"('己丑', '丁巳')",0,0,0
"('己丑', '戊午')",0,0,0
"('己丑', '己未')",0,0,0
"('己丑', '庚申')",0,0,0
"('己丑', '辛酉')",0,0,0
"('己丑', '壬戌')",0,0,0
"('己丑', '癸亥')",0,0,0
"('庚寅', '辛卯')",0,0,0
"('庚寅', '壬辰')",0,0,0
"('庚寅', '癸巳')",0,0,0
"('庚寅', '甲午')",0,0,0
"('庚寅', '乙未')",0,0,0
"('庚寅', '丙申')",0,0,0
"('庚寅', '丁酉')",0,0,0
"('庚寅', '戊戌')",0,0,0
"('庚寅', '己亥')",0,0,0
"('庚寅', '庚子')",0,0,0
"('庚寅', '辛丑')",0,0,0
"('庚寅', '壬寅')",0,0,0
"('庚寅', '癸卯')",0,0,0
"('庚寅', '甲辰')",0,0,0
"('庚寅', '乙巳')",0,0,0
"('庚寅', '丙午')",0,0,0
"('庚寅', '丁未')",0,0,0
"('庚寅', '戊申')",0,0,0
"('庚寅', '己酉')",0,0,0
"('庚寅', '庚戌')",0,0,0
"('庚寅', '辛亥')",0,0,0
"('庚寅', '壬子')",0,0,0
"('庚寅', '癸丑')",0,0,0
"('庚寅', '甲寅')",0,0,0
"('庚寅', '乙卯')",0,0,0
"('庚寅', '丙辰')",0,0,0
"('庚寅', '丁巳')",0,0,0
"('庚寅', '戊午')",0,0,0
"('庚寅', '己未')",0,0,0
"('庚寅', '庚申')",0,0,0
"('庚寅', '辛酉')",0,0,0
"('庚寅', '壬戌')",0,0,0
"('庚寅', '癸亥')",0,0,0
"('辛卯', '壬辰')",0,0,0
"('辛卯', '癸巳')",0,0,0
"('辛卯', '甲午')",0,0,0
"('辛卯', '乙未')",0,0,0
"('辛卯', '丙申')",0,0,0
"('辛卯', '丁酉')",0,0,0
"('辛卯', '戊戌')",0,0,0
"('辛卯', '己亥')",0,0,0
"('辛卯', '庚子')",0,0,0
"('辛卯', '辛丑')",0,0,0
"('辛卯', '壬寅')",0,0,0
"('辛卯', '癸卯')",0,0,0
"('辛卯', '甲辰')",0,0,0
"('辛卯', '乙巳')",0,0,0
"('辛卯', '丙午')",0,0,0
"('辛卯', '丁未')",0,0,0
"('辛卯', '戊申')",0,0,0
"('辛卯', '己酉')",0,0,0
"('辛卯', '庚戌')",0,0,0
"('辛卯', '辛亥')",0,0,0
"('辛卯', '壬子')",0,0,0
"('辛卯', '癸丑')",0,0,0
"('辛卯', '甲寅')",0,0,0
"('辛卯', '乙卯')",0,0,0
"('辛卯', '丙辰')",0,0,0
"('辛卯', '丁巳')",0,0,0
"('辛卯', '戊午')",0,0,0
"('辛卯', '己未')",0,0,0
"('辛卯', '庚申')",0,0,0
"('辛卯', '辛酉')",0,0,0
"('辛卯', '壬戌')",0,0,0
"('辛卯', '癸亥')",0,0,0
"('壬辰', '癸巳')",0,0,0
"('壬辰', '甲午')",0,0,0
"('壬辰', '乙未')",0,0,0
"('壬辰', '丙申')",0,0,0
"('壬辰', '丁酉')",0,0,0
"('壬辰', '戊戌')",0,0,0
"('壬辰', '己亥')",0,0,0
"('壬辰', '庚子')",0,0,0
"('壬辰', '辛丑')",0,0,0
"('壬辰', '壬寅')",0,0,0
"('壬辰', '癸卯')",0,0,0
"('壬辰', '甲辰')",0,0,0
"('壬辰', '乙巳')",0,0,0
"('壬辰', '丙午')",0,0,0
"('壬辰', '丁未')",0,0,0
"('壬辰', '戊申')",0,0,0
"('壬辰', '己酉')",0,0,0
"('壬辰', '庚戌')",0,0,0
"('壬辰', '辛亥')",0,0,0
"('壬辰', '壬子')",0,0,0
"('壬辰', '癸丑')",0,0,0
"('壬辰', '甲寅')",0,0,0
"('壬辰', '乙卯')",0,0,0
"('壬辰', '丙辰')",0,0,0
"('壬辰', '丁巳')",0,0,0
"('壬辰', '戊午')",0,0,0
"('壬辰', '己未')",0,0,0
"('壬辰', '庚申')",0,0,0
"('壬辰', '辛酉')",0,0,0
"('壬辰', '壬戌')",0,0,0
"('壬辰', '癸亥')",0,0,0
"('癸巳', '甲午')",0,0,0
"('癸巳', '乙未')",0,0,0
"('癸巳', '丙申')",0,0,0
"('癸巳', '丁酉')",0,0,0
"('癸巳', '戊戌')",0,0,0
"('癸巳', '己亥')",0,0,0
"('癸巳', '庚子')",0,0,0
"('癸巳', '辛丑')",0,0,0
"('癸巳', '壬寅')",0,0,0
"('癸巳', '癸卯')",0,0,0
"('癸巳', '甲辰')",0,0,0
"('癸巳', '乙巳')",0,0,0
"('癸巳', '丙午')",0,0,0
"('癸巳', '丁未')",0,0,0
"('癸巳', '戊申')",0,0,0
"('癸巳', '己酉')",0,0,0
"('癸巳', '庚戌')",0,0,0
"('癸巳', '辛亥')",0,0,0
"('癸巳', '壬子')",0,0,0
"('癸巳', '癸丑')",0,0,0
"('癸巳', '甲寅')",0,0,0
"('癸巳', '乙卯')",0,0,0
"('癸巳', '丙辰')",0,0,0
"('癸巳', '丁巳')",0,0,0
"('癸巳', '戊午')",0,0,0
"('癸巳', '己未')",0,0,0
"('癸巳', '庚申')",0,0,0
"('癸巳', '辛酉')",0,0,0
"('癸巳', '壬戌')",0,0,0
"('癸巳', '癸亥')",0,0,0
"('甲午', '乙未')",0,0,0
"('甲午', '丙申')",0,0,0
"('甲午', '丁酉')",0,0,0
"('甲午', '戊戌')",0,0,0
"('甲午', '己亥')",0,0,0
"('甲午', '庚子')",0,0,0
"('甲午', '辛丑')",0,0,0
"('甲午', '壬寅')",0,0,0
"('甲午', '癸卯')",0,0,0
"('甲午', '甲辰')",0,0,0
"('甲午', '乙巳')",0,0,0
"('甲午', '丙午')",0,0,0
"('甲午', '丁未')",0,0,0
"('甲午', '戊申')",0,0,0
"('甲午', '己酉')",0,0,0
"('甲午', '庚戌')",0,0,0
"('甲午', '辛亥')",0,0,0
"('甲午', '壬子')",0,0,0
"('甲午', '癸丑')",0,0,0
"('甲午', '甲寅')",0,0,0
"('甲午', '乙卯')",0,0,0
"('甲午', '丙辰')",0,0,0
"('甲午', '丁巳')",0,0,0
"('甲午', '戊午')",0,0,0
"('甲午', '己未')",0,0,0
"('甲午', '庚申')",0,0,0
"('甲午', '辛酉')",0,0,0
"('甲午', '壬戌')",0,0,0
"('甲午', '癸亥')",0,0,0
"('乙未', '丙申')",0,0,0
"('乙未', '丁酉')",0,0,0
"('乙未', '戊戌')",0,0,0
"('乙未', '己亥')",0,0,0
"('乙未', '庚子')",0,0,0
"('乙未', '辛丑')",0,0,0
"('乙未', '壬寅')",0,0,0
"('乙未', '癸卯')",0,0,0
"('乙未', '甲辰')",0,0,0
"('乙未', '乙巳')",0,0,0
"('乙未', '丙午')",0,0,0
"('乙未', '丁未')",0,0,0
"('乙未', '戊申')",0,0,0
"('乙未', '己酉')",0,0,0
"('乙未', '庚戌')",0,0,0
"('乙未', '辛亥')",0,0,0
"('乙未', '壬子')",0,0,0
"('乙未', '癸丑')",0,0,0
"('乙未', '甲寅')",0,0,0
"('乙未', '乙卯')",0,0,0
"('乙未', '丙辰')",0,0,0
"('乙未', '丁巳')",0,0,0
"('乙未', '戊午')",0,0,0
"('乙未', '己未')",0,0,0
"('乙未', '庚申')",0,0,0
"('乙未', '辛酉')",0,0,0
"('乙未', '壬戌')",0,0,0
"('乙未', '癸亥')",0,0,0
"('丙申', '丁酉')",0,0,0
"('丙申', '戊戌')",0,0,0
"('丙申', '己亥')",0,0,0
"('丙申', '庚子')",0,0,0
"('丙申', '辛丑')",0,0,0
"('丙申', '壬寅')",0,0,0
"('丙申', '癸卯')",0,0,0
"('丙申', '甲辰')",0,0,0
"('丙申', '乙巳')",0,0,0
"('丙申', '丙午')",0,0,0
"('丙申', '丁未')",0,0,0
"('丙申', '戊申')",0,0,0
"('丙申', '己酉')",0,0,0
"('丙申', '庚戌')",0,0,0
"('丙申', '辛亥')",0,0,0
"('丙申', '壬子')",0,0,0
"('丙申', '癸丑')",0,0,0
"('丙申', '甲寅')",0,0,0
"('丙申', '乙卯')",0,0,0
"('丙申', '丙辰')",0,0,0
"('丙申', '丁巳')",0,0,0
"('丙申', '戊午')",0,0,0
"('丙申', '己未')",0,0,0
"('丙申', '庚申')",0,0,0
"('丙申', '辛酉')",0,0,0
"('丙申', '壬戌')",0,0,0
"('丙申', '癸亥')",0,0,0
"('丁酉', '戊戌')",0,0,0
"('丁酉', '己亥')",0,0,0
"('丁酉', '庚子')",0,0,0
"('丁酉', '辛丑')",0,0,0
"('丁酉', '壬寅')",0,0,0
"('丁酉', '癸卯')",0,0,0
"('丁酉', '甲辰')",0,0,0
"('丁酉', '乙巳')",0,0,0
"('丁酉', '丙午')",0,0,0
"('丁酉', '丁未')",0,0,0
"('丁酉', '戊申')",0,0,0
"('丁酉', '己酉')",0,0,0
"('丁酉', '庚戌')",0,0,0
"('丁酉', '辛亥')",0,0,0
"('丁酉', '壬子')",0,0,0
"('丁酉', '癸丑')",0,0,0
"('丁酉', '甲寅')",0,0,0
"('丁酉', '乙卯')",0,0,0
"('丁酉', '丙辰')",0,0,0
"('丁酉', '丁巳')",0,0,0
"('丁酉', '戊午')",0,0,0
"('丁酉', '己未')",0,0,0
"('丁酉', '庚申')",0,0,0
"('丁酉', '辛酉')",0,0,0
"('丁酉', '壬戌')",0,0,0
"('丁酉', '癸亥')",0,0,0
"('戊戌', '己亥')",0,0,0
"('戊戌', '庚子')",0,0,0
"('戊戌', '辛丑')",0,0,0
"('戊戌', '壬寅')",0,0,0
"('戊戌', '癸卯')",0,0,0
"('戊戌', '甲辰')",0,0,0
"('戊戌', '乙巳')",0,0,0
"('戊戌', '丙午')",0,0,0
"('戊戌', '丁未')",0,0,0
"('戊戌', '戊申')",0,0,0
"('戊戌', '己酉')",0,0,0
"('戊戌', '庚戌')",0,0,0
"('戊戌', '辛亥')",0,0,0
"('戊戌', '壬子')",0,0,0
"('戊戌', '癸丑')",0,0,0
"('戊戌', '甲寅')",0,0,0
"('戊戌', '乙卯')",0,0,0
"('戊戌', '丙辰')",0,0,0
"('戊戌', '丁巳')",0,0,0
"('戊戌', '戊午')",0,0,0
"('戊戌', '己未')",0,0,0
"('戊戌', '庚申')",0,0,0
"('戊戌', '辛酉')",0,0,0
"('戊戌', '壬戌')",0,0,0
"('戊戌', '癸亥')",0,0,0
"('己亥', '庚子')",0,0,0
"('己亥', '辛丑')",0,0,0
"('己亥', '壬寅')",0,0,0
"('己亥', '癸卯')",0,0,0
"('己亥', '甲辰')",0,0,0
"('己亥', '乙巳')",0,0,0
"('己亥', '丙午')",0,0,0
"('己亥', '丁未')",0,0,0
"('己亥', '戊申')",0,0,0
"('己亥', '己酉')",0,0,0
"('己亥', '庚戌')",0,0,0
"('己亥', '辛亥')",0,0,0
"('己亥', '壬子')",0,0,0
"('己亥', '癸丑')",0,0,0
"('己亥', '甲寅')",0,0,0
"('己亥', '乙卯')",0,0,0
"('己亥', '丙辰')",0,0,0
"('己亥', '丁巳')",0,0,0
"('己亥', '戊午')",0,0,0
"('己亥', '己未')",0,0,0
"('己亥', '庚申')",0,0,0
"('己亥', '辛酉')",0,0,0
"('己亥', '壬戌')",0,0,0
"('己亥', '癸亥')",0,0,0
"('庚子', '辛丑')",0,0,0
"('庚子', '壬寅')",0,0,0
"('庚子', '癸卯')",0,0,0
"('庚子', '甲辰')",0,0,0
"('庚子', '乙巳')",0,0,0
"('庚子', '丙午')",0,0,0
"('庚子', '丁未')",0,0,0
"('庚子', '戊申')",0,0,0
"('庚子', '己酉')",0,0,0
"('庚子', '庚戌')",0,0,0
"('庚子', '辛亥')",0,0,0
"('庚子', '壬子')",0,0,0
"('庚子', '癸丑')",0,0,0
"('庚子', '甲寅')",0,0,0
"('庚子', '乙卯')",0,0,0
"('庚子', '丙辰')",0,0,0
"('庚子', '丁巳')",0,0,0
"('庚子', '戊午')",0,0,0
"('庚子', '己未')",0,0,0
"('庚子', '庚申')",0,0,0
"('庚子', '辛酉')",0,0,0
"('庚子', '壬戌')",0,0,0
"('庚子', '癸亥')",0,0,0
"('辛丑', '壬寅')",0,0,0
"('辛丑', '癸卯')",0,0,0
"('辛丑', '甲辰')",0,0,0
"('辛丑', '乙巳')",0,0,0
"('辛丑', '丙午')",0,0,0
"('辛丑', '丁未')",0,0,0
"('辛丑', '戊申')",0,0,0
"('辛丑', '己酉')",0,0,0
"('辛丑', '庚戌')",0,0,0
"('辛丑', '辛亥')",0,0,0
"('辛丑', '壬子')",0,0,0
"('辛丑', '癸丑')",0,0,0
"('辛丑', '甲寅')",0,0,0
"('辛丑', '乙卯')",0,0,0
"('辛丑', '丙辰')",0,0,0
"('辛丑', '丁巳')",0,0,0
"('辛丑', '戊午')",0,0,0
"('辛丑', '己未')",0,0,0
"('辛丑', '庚申')",0,0,0
"('辛丑', '辛酉')",0,0,0
"('辛丑', '壬戌')",0,0,0
"('辛丑', '癸亥')",0,0,0
"('壬寅', '癸卯')",0,0,0
"('壬寅', '甲辰')",0,0,0
"('壬寅', '乙巳')",0,0,0
"('壬寅', '丙午')",0,0,0
"('壬寅', '丁未')",0,0,0
"('壬寅', '戊申')",0,0,0
"('壬寅', '己酉')",0,0,0
"('壬寅', '庚戌')",0,0,0
"('壬寅', '辛亥')",0,0,0
"('壬寅', '壬子')",0,0,0
"('壬寅', '癸丑')",0,0,0
"('壬寅', '甲寅')",0,0,0
"('壬寅', '乙卯')",0,0,0
"('壬寅', '丙辰')",0,0,0
"('壬寅', '丁巳')",0,0,0
"('壬寅', '戊午')",0,0,0
"('壬寅', '己未')",0,0,0
"('壬寅', '庚申')",0,0,0
"('壬寅', '辛酉')",0,0,0
"('壬寅', '壬戌')",0,0,0
"('壬寅', '癸亥')",0,0,0
"('癸卯', '甲辰')",0,0,0
"('癸卯', '乙巳')",0,0,0
"('癸卯', '丙午')",0,0,0
"('癸卯', '丁未')",0,0,0
"('癸卯', '戊申')",0,0,0
"('癸卯', '己酉')",0,0,0
"('癸卯', '庚戌')",0,0,0
"('癸卯', '辛亥')",0,0,0
"('癸卯', '壬子')",0,0,0
"('癸卯', '癸丑')",0,0,0
"('癸卯', '甲寅')",0,0,0
"('癸卯', '乙卯')",0,0,0
"('癸卯', '丙辰')",0,0,0
"('癸卯', '丁巳')",0,0,0
"('癸卯', '戊午')",0,0,0
"('癸卯', '己未')",0,0,0
"('癸卯', '庚申')",0,0,0
"('癸卯', '辛酉')",0,0,0
"('癸卯', '壬戌')",0,0,0
"('癸卯', '癸亥')",0,0,0
"('甲辰', '乙巳')",0,0,0
"('甲辰', '丙午')",0,0,0
"('甲辰', '丁未')",0,0,0
"('甲辰', '戊申')",0,0,0
"('甲辰', '己酉')",0,0,0
"('甲辰', '庚戌')",0,0,0
"('甲辰', '辛亥')",0,0,0
"('甲辰', '壬子')",0,0,0
"('甲辰', '癸丑')",0,0,0
"('甲辰', '甲寅')",0,0,0
"('甲辰', '乙卯')",0,0,0
"('甲辰', '丙辰')",0,0,0
"('甲辰', '丁巳')",0,0,0
"('甲辰', '戊午')",0,0,0
"('甲辰', '己未')",0,0,0
"('甲辰', '庚申')",0,0,0
"('甲辰', '辛酉')",0,0,0
"('甲辰', '壬戌')",0,0,0
"('甲辰', '癸亥')",0,0,0
"('乙巳', '丙午')",0,0,0
"('乙巳', '丁未')",0,0,0
"('乙巳', '戊申')",0,0,0
"('乙巳', '己酉')",0,0,0
"('乙巳', '庚戌')",0,0,0
"('乙巳', '辛亥')",0,0,0
"('乙巳', '壬子')",0,0,0
"('乙巳', '癸丑')",0,0,0
"('乙巳', '甲寅')",0,0,0
"('乙巳', '乙卯')",0,0,0
"('乙巳', '丙辰')",0,0,0
"('乙巳', '丁巳')",0,0,0
"('乙巳', '戊午')",0,0,0
"('乙巳', '己未')",0,0,0
"('乙巳', '庚申')",0,0,0
"('乙巳', '辛酉')",0,0,0
"('乙巳', '壬戌')",0,0,0
"('乙巳', '癸亥')",0,0,0
"('丙午', '丁未')",0,0,0
"('丙午', '戊申')",0,0,0
"('丙午', '己酉')",0,0,0
"('丙午', '庚戌')",0,0,0
"('丙午', '辛亥')",0,0,0
"('丙午', '壬子')",0,0,0
"('丙午', '癸丑')",0,0,0
"('丙午', '甲寅')",0,0,0
"('丙午', '乙卯')",0,0,0
"('丙午', '丙辰')",0,0,0
"('丙午', '丁巳')",0,0,0
"('丙午', '戊午')",0,0,0
"('丙午', '己未')",0,0,0
"('丙午', '庚申')",0,0,0
"('丙午', '辛酉')",0,0,0
"('丙午', '壬戌')",0,0,0
"('丙午', '癸亥')",0,0,0
"('丁未', '戊申')",0,0,0
"('丁未', '己酉')",0,0,0
"('丁未', '庚戌')",0,0,0
"('丁未', '辛亥')",0,0,0
"('丁未', '壬子')",0,0,0
"('丁未', '癸丑')",0,0,0
"('丁未', '甲寅')",0,0,0
"('丁未', '乙卯')",0,0,0
"('丁未', '丙辰')",0,0,0
"('丁未', '丁巳')",0,0,0
"('丁未', '戊午')",0,0,0
"('丁未', '己未')",0,0,0
"('丁未', '庚申')",0,0,0
"('丁未', '辛酉')",0,0,0
"('丁未', '壬戌')",0,0,0
"('丁未', '癸亥')",0,0,0
"('戊申', '己酉')",0,0,0
"('戊申', '庚戌')",0,0,0
"('戊申', '辛亥')",0,0,0
"('戊申', '壬子')",0,0,0
"('戊申', '癸丑')",0,0,0
"('戊申', '甲寅')",0,0,0
"('戊申', '乙卯')",0,0,0
"('戊申', '丙辰')",0,0,0
"('戊申', '丁巳')",0,0,0
"('戊申', '戊午')",0,0,0
"('戊申', '己未')",0,0,0
"('戊申', '庚申')",0,0,0
"('戊申', '辛酉')",0,0,0
"('戊申', '壬戌')",0,0,0
"('戊申', '癸亥')",0,0,0
"('己酉', '庚戌')",0,0,0
"('己酉', '辛亥')",0,0,0
"('己酉', '壬子')",0,0,0
"('己酉', '癸丑')",0,0,0
"('己酉', '甲寅')",0,0,0
"('己酉', '乙卯')",0,0,0
"('己酉', '丙辰')",0,0,0
"('己酉', '丁巳')",0,0,0
"('己酉', '戊午')",0,0,0
"('己酉', '己未')",0,0,0
"('己酉', '庚申')",0,0,0
"('己酉', '辛酉')",0,0,0
"('己酉', '壬戌')",0,0,0
"('己酉', '癸亥')",0,0,0
"('庚戌', '辛亥')",0,0,0
"('庚戌', '壬子')",0,0,0
"('庚戌', '癸丑')",0,0,0
"('庚戌', '甲寅')",0,0,0
"('庚戌', '乙卯')",0,0,0
"('庚戌', '丙辰')",0,0,0
"('庚戌', '丁巳')",0,0,0
"('庚戌', '戊午')",0,0,0
"('庚戌', '己未')",0,0,0
"('庚戌', '庚申')",0,0,0
"('庚戌', '辛酉')",0,0,0
"('庚戌', '壬戌')",0,0,0
"('庚戌', '癸亥')",0,0,0
"('辛亥', '壬子')",0,0,0
"('辛亥', '癸丑')",0,0,0
"('辛亥', '甲寅')",0,0,0
"('辛亥', '乙卯')",0,0,0
"('辛亥', '丙辰')",0,0,0
"('辛亥', '丁巳')",0,0,0
"('辛亥', '戊午')",0,0,0
"('辛亥', '己未')",0,0,0
"('辛亥', '庚申')",0,0,0
"('辛亥', '辛酉')",0,0,0
"('辛亥', '壬戌')",0,0,0
"('辛亥', '癸亥')",0,0,0
"('壬子', '癸丑')",0,0,0
"('壬子', '甲寅')",0,0,0
"('壬子', '乙卯')",0,0,0
"('壬子', '丙辰')",0,0,0
"('壬子', '丁巳')",0,0,0
"('壬子', '戊午')",0,0,0
"('壬子', '己未')",0,0,0
"('壬子', '庚申')",0,0,0
"('壬子', '辛酉')",0,0,0
"('壬子', '壬戌')",0,0,0
"('壬子', '癸亥')",0,0,0
"('癸丑', '甲寅')",0,0,0
"('癸丑', '乙卯')",0,0,0
"('癸丑', '丙辰')",0,0,0
"('癸丑', '丁巳')",0,0,0
"('癸丑', '戊午')",0,0,0
"('癸丑', '己未')",0,0,0
"('癸丑', '庚申')",0,0,0
"('癸丑', '辛酉')",0,0,0
"('癸丑', '壬戌')",0,0,0
"('癸丑', '癸亥')",0,0,0
"('甲寅', '乙卯')",0,0,0
"('甲寅', '丙辰')",0,0,0
"('甲寅', '丁巳')",0,0,0
"('甲寅', '戊午')",0,0,0
"('甲寅', '己未')",0,0,0
"('甲寅', '庚申')",0,0,0
"('甲寅', '辛酉')",0,0,0
"('甲寅', '壬戌')",0,0,0
"('甲寅', '癸亥')",0,0,0
"('乙卯', '丙辰')",0,0,0
"('乙卯', '丁巳')",0,0,0
"('乙卯', '戊午')",0,0,0
"('乙卯', '己未')",0,0,0
"('乙卯', '庚申')",0,0,0
"('乙卯', '辛酉')",0,0,0
"('乙卯', '壬戌')",0,0,0
"('乙卯', '癸亥')",0,0,0
"('丙辰', '丁巳')",0,0,0
"('丙辰', '戊午')",0,0,0
"('丙辰', '己未')",0,0,0
"('丙辰', '庚申')",0,0,0
"('丙辰', '辛酉')",0,0,0
"('丙辰', '壬戌')",0,0,0
"('丙辰', '癸亥')",0,0,0
"('丁巳', '戊午')",0,0,0
"('丁巳', '己未')",0,0,0
"('丁巳', '庚申')",0,0,0
"('丁巳', '辛酉')",0,0,0
"('丁巳', '壬戌')",0,0,0
"('丁巳', '癸亥')",0,0,0
"('戊午', '己未')",0,0,0
"('戊午', '庚申')",0,0,0
"('戊午', '辛酉')",0,0,0
"('戊午', '壬戌')",0,0,0
"('戊午', '癸亥')",0,0,0
"('己未', '庚申')",0,0,0
"('己未', '辛酉')",0,0,0
"('己未', '壬戌')",0,0,0
"('己未', '癸亥')",0,0,0
"('庚申', '辛酉')",0,0,0
"('庚申', '壬戌')",0,0,0
"('庚申', '癸亥')",0,0,0
"('辛酉', '壬戌')",0,0,0
"('辛酉', '癸亥')",0,0,0
"('壬戌', '癸亥')",0,0,0
